{
    "Version": "2012-10-17",
    "Statement": [
        {
            "Sid": "AllowAllUsersToListAccounts",
            "Effect": "Allow",
            "Action": [
                "iam:ListAccountAliases",
                "iam:ListUsers",
                "iam:GetAccountSummary"
            ],
            "Resource": "*"
        },
        {
            "Sid": "AllowUserToUpdateCredentials",
            "Effect": "Allow",
            "Action": [
                "iam:ChangePassword",
                "iam:CreateAccessKey",
                "iam:CreateLoginProfile",
                "iam:DeleteAccessKey",
                "iam:DeleteLoginProfile",
                "iam:GetAccountPasswordPolicy",
                "iam:GetLoginProfile",
                "iam:ListAccessKeys",
                "iam:UpdateAccessKey",
                "iam:UpdateLoginProfile",
                "iam:ListSigningCertificates",
                "iam:DeleteSigningCertificate",
                "iam:UpdateSigningCertificate",
                "iam:UploadSigningCertificate",
                "iam:ListSSHPublicKeys",
                "iam:GetSSHPublicKey",
                "iam:DeleteSSHPublicKey",
                "iam:UpdateSSHPublicKey",
                "iam:UploadSSHPublicKey"
            ],
            "Resource": "arn:aws:iam::123456789123:user/${aws:username}"
        }
    ]
}
