{
	"Version": "2012-10-17",
	"Statement": [
		{
			"Sid": "AllowAccountBrootUserBucketPermission",
			"Effect": "Allow",
			"Principal": {
				"AWS": "arn:aws:iam::123456123456:root"
			},
			"Action": [
				"s3:GetBucketLocation",
				"s3:ListBucket"
			],
			"Resource": "arn:aws:s3:::atg-accounting"
		},
		{
			"Sid": "AllowPutObjectPermission",
			"Effect": "Allow",
			"Principal": {
				"AWS": "arn:aws:iam::123456123456:root"
			},
			"Action": [
				"s3:GetObject",
				"s3:PutObject"
			],
			"Resource": "arn:aws:s3:::atg-accounting/*"
		}
	]
}
